제목,정보,링크
2026 오직 간호대생을 위한 간호사 면접,주선희,https://www.aladin.co.kr/shop/wproduct.aspx?ItemId=393490719
2026 간호사 면접 Plus 이론집,간호취업연구소,https://www.aladin.co.kr/shop/wproduct.aspx?ItemId=393801436
간호사가 말하는 간호사,권혜림,https://www.aladin.co.kr/shop/wproduct.aspx?ItemId=522759
쉽고 재미있게 암기하는 간호사 면접 의학용어집,간호취업연구소,https://www.aladin.co.kr/shop/wproduct.aspx?ItemId=296155867
"간호사, 너 자신이 되어라",한화순,https://www.aladin.co.kr/shop/wproduct.aspx?ItemId=71175505
응급실 간호사,임진경,https://www.aladin.co.kr/shop/wproduct.aspx?ItemId=272255195
7일만에 끝내는 간호사 국가고시 핵심요약집,양진이,https://www.aladin.co.kr/shop/wproduct.aspx?ItemId=395356379
"나는 간호사, 사람입니다",김현아,https://www.aladin.co.kr/shop/wproduct.aspx?ItemId=315164341
"간호사, 프로를 꿈꿔라!",도나 윌크 카르딜로,https://www.aladin.co.kr/shop/wproduct.aspx?ItemId=566824
신규 간호사 임상 매뉴얼,김민소,https://www.aladin.co.kr/shop/wproduct.aspx?ItemId=318698463
"간호사, 대학원 완성하기",최영림,https://www.aladin.co.kr/shop/wproduct.aspx?ItemId=395750875
국·공립병원 간호사 면접,간호시험연구소,https://www.aladin.co.kr/shop/wproduct.aspx?ItemId=388785398
"2026 오직 간호대생을 위한 간호사 자소서 (병원 취업을 위한 자기소개서 항목별 작성 전략, 간호사 자소서 첨삭 사례 수록)",태원준,https://www.aladin.co.kr/shop/wproduct.aspx?ItemId=389356713
의사와 간호사 선생님 고마워요!,펜그로하우스 편집부,https://www.aladin.co.kr/shop/wproduct.aspx?ItemId=262943786
2027 퍼시픽 간호사 국시대비 문제집 08 : 기본간호학,퍼시픽 학술편찬국,https://www.aladin.co.kr/shop/wproduct.aspx?ItemId=388411989
2027 시대에듀 간호사 국가고시 기출동형 문제집,강경순,https://www.aladin.co.kr/shop/wproduct.aspx?ItemId=394701261
선넘은 간호사 : 보건관리자로 선넘다,최예신,https://www.aladin.co.kr/shop/wproduct.aspx?ItemId=354113087
2027 삼성병원 간호사 GSAT 실전모의고사 3회분,간호사시험연구소,https://www.aladin.co.kr/shop/wproduct.aspx?ItemId=394029193
간호사 우즈키의 미련,아키야 린코,https://www.aladin.co.kr/shop/wproduct.aspx?ItemId=396458023
길 위의 간호사,안미선,https://www.aladin.co.kr/shop/wproduct.aspx?ItemId=387518713
2027 퍼시픽 간호사 국시대비 문제집 07 : 간호관리학,퍼시픽 학술편찬국,https://www.aladin.co.kr/shop/wproduct.aspx?ItemId=388411560
2027 간호사 국가고시를 위한 보건의약관계법규 알Zip 핵심노트,김희영,https://www.aladin.co.kr/shop/wproduct.aspx?ItemId=395813858
2027 퍼시픽 간호사 국시대비 문제집 01 : 성인간호학 1,퍼시픽 학술편찬국,https://www.aladin.co.kr/shop/wproduct.aspx?ItemId=388412255
"엄마 소방관, 아빠 간호사",한지음,https://www.aladin.co.kr/shop/wproduct.aspx?ItemId=275091694
응급실 간호사,임진경,https://www.aladin.co.kr/shop/wproduct.aspx?ItemId=271223949
미국 간호사 밥줄영어 Vol.1,백소연(미셸),https://www.aladin.co.kr/shop/wproduct.aspx?ItemId=339008972
2027 시대에듀 간호사 국가고시 기출동형 문제집,강경순,https://www.aladin.co.kr/shop/wproduct.aspx?ItemId=395319466
2027 퍼시픽 간호사 국시대비 문제집 02 : 성인간호학 2,퍼시픽 학술편찬국,https://www.aladin.co.kr/shop/wproduct.aspx?ItemId=388411314
"안녕, 간호사",류민지,https://www.aladin.co.kr/shop/wproduct.aspx?ItemId=169298921
"간호사, 알엔지야TV의 병원이야기 1",알엔지야,https://www.aladin.co.kr/shop/wproduct.aspx?ItemId=275569184
2027 퍼시픽 간호사 국시대비 문제집 03 : 모성간호학,퍼시픽 학술편찬국,https://www.aladin.co.kr/shop/wproduct.aspx?ItemId=388411518
미국 간호사 밥줄영어 Vol.2,백소연(미셸),https://www.aladin.co.kr/shop/wproduct.aspx?ItemId=339009460
간호사의 듣기와 말하기,임소라,https://www.aladin.co.kr/shop/wproduct.aspx?ItemId=396665449
[고화질세트] 못말리는 간호사 (총6권/완결),사사키 노리코,https://www.aladin.co.kr/shop/wproduct.aspx?ItemId=49784704
2027 퍼시픽 간호사 국시대비 문제집 04 : 아동간호학,퍼시픽 학술편찬국,https://www.aladin.co.kr/shop/wproduct.aspx?ItemId=388411978
2027 퍼시픽 간호사 국시대비 문제집 06 : 정신간호학,퍼시픽 학술편찬국,https://www.aladin.co.kr/shop/wproduct.aspx?ItemId=388412920
나의 직업 : 간호사,청소년행복연구실,https://www.aladin.co.kr/shop/wproduct.aspx?ItemId=33118337
2027 퍼시픽 간호사 국시대비 문제집 05 : 지역사회간호학,퍼시픽 학술편찬국,https://www.aladin.co.kr/shop/wproduct.aspx?ItemId=388412728
간호사 전과목 통합본 간호학 이론 + 전과목 630제,주수현,https://www.aladin.co.kr/shop/wproduct.aspx?ItemId=395200464
어쩌다 간호사,간호사 요,https://www.aladin.co.kr/shop/wproduct.aspx?ItemId=225717958
좋은 간호사 더 좋은 간호,엄영란,https://www.aladin.co.kr/shop/wproduct.aspx?ItemId=97599460
"간호사, 알엔지야TV의 병원이야기 2",알엔지야,https://www.aladin.co.kr/shop/wproduct.aspx?ItemId=303487547
2027 시대에듀 간호사 국가고시 한권으로 끝내기,김민소,https://www.aladin.co.kr/shop/wproduct.aspx?ItemId=394020431
"간호사, 알엔지야TV에게 인계받기",알엔지야,https://www.aladin.co.kr/shop/wproduct.aspx?ItemId=333782313
간호사,최규영,https://www.aladin.co.kr/shop/wproduct.aspx?ItemId=75860618
신규 간호사 임상 매뉴얼,김민소,https://www.aladin.co.kr/shop/wproduct.aspx?ItemId=318865309
"나는 간호사, 사람입니다",김현아,https://www.aladin.co.kr/shop/wproduct.aspx?ItemId=315256323
[세트] 대표님이 빠는 전용 간호사 (총2권/완결),박초대,https://www.aladin.co.kr/shop/wproduct.aspx?ItemId=360694751
간호사 우즈키에게 보이는 것,아키야 린코,https://www.aladin.co.kr/shop/wproduct.aspx?ItemId=360704190
응급실 간호사,김윤섭,https://www.aladin.co.kr/shop/wproduct.aspx?ItemId=352957223
"7년의 기록, 남자 간호사 데이비드 이야기",유현민(데이비드),https://www.aladin.co.kr/shop/wproduct.aspx?ItemId=196234837
이 시대 간호사를 위한 오늘 마음,박민아,https://www.aladin.co.kr/shop/wproduct.aspx?ItemId=391016162
2027 시대에듀 간호사 국가고시 한권으로 끝내기,김민소,https://www.aladin.co.kr/shop/wproduct.aspx?ItemId=394266663
2027 위아너스 간호사 국가시험 핵심요약집,위아너스 편집위원회,https://www.aladin.co.kr/shop/wproduct.aspx?ItemId=387722181
"간호사, 너 자신이 되어라",한화순,https://www.aladin.co.kr/shop/wproduct.aspx?ItemId=76706150
간호사 마음 일기,최원진,https://www.aladin.co.kr/shop/wproduct.aspx?ItemId=289261128
2026 서울대학병원 간호사 합격 세트 - 전2권,간호사시험연구소,https://www.aladin.co.kr/shop/wproduct.aspx?ItemId=395809197
선넘은 간호사 : 보건관리자로 선넘다,최예신,https://www.aladin.co.kr/shop/wproduct.aspx?ItemId=354333828
아랍에미리트로 떠난 간호사,윤혜진,https://www.aladin.co.kr/shop/wproduct.aspx?ItemId=265440688
2027 퍼시픽 간호사 국시대비 개념서 08 : 기본간호학,퍼시픽 학술편찬국,https://www.aladin.co.kr/shop/wproduct.aspx?ItemId=388411732
간호사 부서 탐방,강민애,https://www.aladin.co.kr/shop/wproduct.aspx?ItemId=314783978
2026 퍼시픽 간호사 국시대비 개념서 09 : 보건의료법규,퍼시픽북스 학술편찬국,https://www.aladin.co.kr/shop/wproduct.aspx?ItemId=371925781
간호사가 말하는 간호사 (부키 전문직 리포트 4),권혜림,https://www.aladin.co.kr/shop/wproduct.aspx?ItemId=284196660
신규 간호사 안내서,노은지,https://www.aladin.co.kr/shop/wproduct.aspx?ItemId=126896138
"내가 걸어온 길, 간호사",이혜진,https://www.aladin.co.kr/shop/wproduct.aspx?ItemId=267001774
체크인 일본 간호사,이선아,https://www.aladin.co.kr/shop/wproduct.aspx?ItemId=328774114
2026 간호사 국가고시 고난도 봉투모의고사 5회분,간호시험연구소,https://www.aladin.co.kr/shop/wproduct.aspx?ItemId=371452542
2027 퍼시픽 간호사 국시대비 개념서 02 : 성인간호학 2,퍼시픽 학술편찬국,https://www.aladin.co.kr/shop/wproduct.aspx?ItemId=388411519
리얼 간호사 월드,최원진,https://www.aladin.co.kr/shop/wproduct.aspx?ItemId=195383705
"전 세계에서 환영받는 전문 직업, 간호사",이지영,https://www.aladin.co.kr/shop/wproduct.aspx?ItemId=334498937
2027 퍼시픽 간호사 국시대비 개념서 01 : 성인간호학 1,퍼시픽 학술편찬국,https://www.aladin.co.kr/shop/wproduct.aspx?ItemId=388411371
체크인 미국 간호사,허혜리,https://www.aladin.co.kr/shop/wproduct.aspx?ItemId=330250849
간호사 취업Tip 1,이다은(보건교사 미쯔),https://www.aladin.co.kr/shop/wproduct.aspx?ItemId=261841286
간호사 취업Tip 2,이다은(보건교사 미쯔),https://www.aladin.co.kr/shop/wproduct.aspx?ItemId=261841283
간호사는 고마워요,잭 캔필드,https://www.aladin.co.kr/shop/wproduct.aspx?ItemId=102488518
아이씨유 간호사,유세웅,https://www.aladin.co.kr/shop/wproduct.aspx?ItemId=256064285
2027 퍼시픽 간호사 국시대비 개념서 03 : 모성간호학,퍼시픽 학술편찬국,https://www.aladin.co.kr/shop/wproduct.aspx?ItemId=388411722
간호사 국가고시 제2권 : 지역사회/정신간호/간호관리학,양진이,https://www.aladin.co.kr/shop/wproduct.aspx?ItemId=366214661
상급종합병원 간호사 면접,간호사시험연구소,https://www.aladin.co.kr/shop/wproduct.aspx?ItemId=388856448
2025 한권으로 끝내는 간호사 자소서·면접,정해성,https://www.aladin.co.kr/shop/wproduct.aspx?ItemId=337793194
나는 다시 출근하는 간호사 엄마입니다,전선자,https://www.aladin.co.kr/shop/wproduct.aspx?ItemId=363192328
간호사 어떻게 되었을까?,캠퍼스멘토,https://www.aladin.co.kr/shop/wproduct.aspx?ItemId=168036352
"간호사, 알엔지야TV의 병원이야기 1",알엔지야,https://www.aladin.co.kr/shop/wproduct.aspx?ItemId=276701614
"간호사, 알엔지야TV의 병원이야기 2",알엔지야,https://www.aladin.co.kr/shop/wproduct.aspx?ItemId=303670596
2026 시대에듀 간호사 국가고시 한권으로 끝내기,김민소,https://www.aladin.co.kr/shop/wproduct.aspx?ItemId=366708988
간호사 면접 공략집,김보준,https://www.aladin.co.kr/shop/wproduct.aspx?ItemId=292464013
"간호사, 루틴업무 따라잡기",김셀리,https://www.aladin.co.kr/shop/wproduct.aspx?ItemId=335366478
낭만 간호사,송상아,https://www.aladin.co.kr/shop/wproduct.aspx?ItemId=298752452
생명을 살리는 직업 2 : 간호사·약사·수의사,박민규,https://www.aladin.co.kr/shop/wproduct.aspx?ItemId=284918253
선넘은 간호사 : 호주간호사로 선넘다,강은진,https://www.aladin.co.kr/shop/wproduct.aspx?ItemId=354335632
미국 부자 간호사 가난한 간호사,이지원,https://www.aladin.co.kr/shop/wproduct.aspx?ItemId=336917733
간호사 리더십,애니타 핀켈맨,https://www.aladin.co.kr/shop/wproduct.aspx?ItemId=33775213
감정을 돌보는 간호사,손지완,https://www.aladin.co.kr/shop/wproduct.aspx?ItemId=304590162
간호사 국가고시 제1권 : 성인/모성/아동/기본간호학,한은경,https://www.aladin.co.kr/shop/wproduct.aspx?ItemId=366538144
헤드기어를 쓴 간호사들,정익진,https://www.aladin.co.kr/shop/wproduct.aspx?ItemId=394191430
간호사 우즈키의 미련,아키야 린코,https://www.aladin.co.kr/shop/wproduct.aspx?ItemId=397997044
사막을 달리는 간호사,김보준,https://www.aladin.co.kr/shop/wproduct.aspx?ItemId=186592092
"간호사, 딱 3년 만 하라",김정희,https://www.aladin.co.kr/shop/wproduct.aspx?ItemId=235763051
간호사 혁명 시대,이경주,https://www.aladin.co.kr/shop/wproduct.aspx?ItemId=304608980
간호사 면접 공략집,김보준,https://www.aladin.co.kr/shop/wproduct.aspx?ItemId=298079966
간호사 면접 공략집,김보준,https://www.aladin.co.kr/shop/wproduct.aspx?ItemId=298079966
나라를 위해 싸운 간호사 박자혜,한상순,https://www.aladin.co.kr/shop/wproduct.aspx?ItemId=361370010
간호사 생활백서,권지은,https://www.aladin.co.kr/shop/wproduct.aspx?ItemId=313690550
빌런 간호사,박세인,https://www.aladin.co.kr/shop/wproduct.aspx?ItemId=337319027
[고화질] [바닐라] 어른을 유혹하는 간호사 키타노 씨,젯쿄,https://www.aladin.co.kr/shop/wproduct.aspx?ItemId=277083778
마음 간호사,이한나,https://www.aladin.co.kr/shop/wproduct.aspx?ItemId=372322852
나는 꿈꾸는 간호사입니다,김리연,https://www.aladin.co.kr/shop/wproduct.aspx?ItemId=191866580
[세트] 간호사 우즈키에게 보이는 것 + 간호사 우즈키의 미련 - 전2권,아키야 린코,https://www.aladin.co.kr/shop/wproduct.aspx?ItemId=396458212
간호사 생활백서,권지은,https://www.aladin.co.kr/shop/wproduct.aspx?ItemId=313966335
간호사 대학병원 합격 전략서 간호사 취업,정해성,https://www.aladin.co.kr/shop/wproduct.aspx?ItemId=84019694
간호사 어떻게 말해야 하는가,송애랑,https://www.aladin.co.kr/shop/wproduct.aspx?ItemId=216336711
"7년의 기록, 남자 간호사 데이비드 이야기",유현민(데이비드),https://www.aladin.co.kr/shop/wproduct.aspx?ItemId=205384768
미국 간호사 취업에 대한 모든 것,볼륨 편집부,https://www.aladin.co.kr/shop/wproduct.aspx?ItemId=395856452
간호사 전과목 통합본 세트 - 전2권,간호시험연구소,https://www.aladin.co.kr/shop/wproduct.aspx?ItemId=395807730
오늘도 간호사입니다,서울아산병원 간호부,https://www.aladin.co.kr/shop/wproduct.aspx?ItemId=366529608
2026 간호사 합격 필기·면접 핵심요약,간호사시험연구소,https://www.aladin.co.kr/shop/wproduct.aspx?ItemId=388102579
간호사를 위한 혈액투석 지침서,병원투석간호사회,https://www.aladin.co.kr/shop/wproduct.aspx?ItemId=360935709
2027 퍼시픽 간호사 국시대비 개념서 05 : 지역사회간호학,퍼시픽 학술편찬국,https://www.aladin.co.kr/shop/wproduct.aspx?ItemId=388411962
뉴질랜드 간호사 되기,장수향,https://www.aladin.co.kr/shop/wproduct.aspx?ItemId=96639526
2027 퍼시픽 간호사 국시대비 개념서 04 : 아동간호학,퍼시픽 학술편찬국,https://www.aladin.co.kr/shop/wproduct.aspx?ItemId=388411550
"간호사, 알엔지야TV에게 인계받기",알엔지야,https://www.aladin.co.kr/shop/wproduct.aspx?ItemId=333976242
간호사를 부탁해,정인희,https://www.aladin.co.kr/shop/wproduct.aspx?ItemId=123024203
2027 퍼시픽 간호사 국시대비 개념서 06 : 정신간호학,퍼시픽 학술편찬국,https://www.aladin.co.kr/shop/wproduct.aspx?ItemId=388412330
처음부터 간호사가 꿈이었나요,안아름,https://www.aladin.co.kr/shop/wproduct.aspx?ItemId=198322456
2027 퍼시픽 간호사 국시대비 개념서 07 : 간호관리학,퍼시픽 학술편찬국,https://www.aladin.co.kr/shop/wproduct.aspx?ItemId=388411574
2027 퍼시픽 간호사 국시대비 개념서 07 : 간호관리학,퍼시픽 학술편찬국,https://www.aladin.co.kr/shop/wproduct.aspx?ItemId=388411574
간호사로 사라지다 당원병 환아 엄마로 살아지다,이윤지,https://www.aladin.co.kr/shop/wproduct.aspx?ItemId=385674681
체크인 캐나다 간호사,임혜정,https://www.aladin.co.kr/shop/wproduct.aspx?ItemId=328770710
간호사를 간호하는 간호사,오성훈,https://www.aladin.co.kr/shop/wproduct.aspx?ItemId=273575016
"어쩌다 간호사 : 가벼운 마음도, 대단한 사명감도 아니지만",저자 정보 없음,https://www.aladin.co.kr/shop/wproduct.aspx?ItemId=234266363
2026 충남대학교병원 필기시험 + 간호사 합격 필기·면접 핵심요약 세트 - 전2권,간호사시험연구소,https://www.aladin.co.kr/shop/wproduct.aspx?ItemId=388108688
아직 '또' 간호사입니다,박지나,https://www.aladin.co.kr/shop/wproduct.aspx?ItemId=396704633
수술실 신규 간호사 성장 설명서,고유미,https://www.aladin.co.kr/shop/wproduct.aspx?ItemId=389910994
체크인 일본 간호사,이선아,https://www.aladin.co.kr/shop/wproduct.aspx?ItemId=332752322
우리나라 최초의 간호사 김마르다,한봉지,https://www.aladin.co.kr/shop/wproduct.aspx?ItemId=291931744
간호사 자소서 공략집,김보준,https://www.aladin.co.kr/shop/wproduct.aspx?ItemId=308194094
대표님이 빠는 전용 간호사,박초대,https://www.aladin.co.kr/shop/wproduct.aspx?ItemId=360693910
2026 백신 간호사 국시대비 문제집 9 벼락치기 간호사 문제집,북샘터 학술 편찬국,https://www.aladin.co.kr/shop/wproduct.aspx?ItemId=388139297
"간호사, 면접 보다",한동수,https://www.aladin.co.kr/shop/wproduct.aspx?ItemId=301879474
간호사 루틴업무 따라잡기,김셀리(김정애),https://www.aladin.co.kr/shop/wproduct.aspx?ItemId=334925428
2026 부산대병원 간호사 합격 세트 - 전2권,이유림,https://www.aladin.co.kr/shop/wproduct.aspx?ItemId=369435841
"전직 간호사, 현직 보건교사의 가꿈노트",정진주,https://www.aladin.co.kr/shop/wproduct.aspx?ItemId=331994251
동물 간호사를 위한 임상테크닉,다니구치 아키코,https://www.aladin.co.kr/shop/wproduct.aspx?ItemId=60514877
의사와 간호사,루시 엘먼,https://www.aladin.co.kr/shop/wproduct.aspx?ItemId=6945790
2024 간호사 국가고시 지역사회간호학,김명애,https://www.aladin.co.kr/shop/wproduct.aspx?ItemId=313770425
"간호사, 면접 보다",전호웅,https://www.aladin.co.kr/shop/wproduct.aspx?ItemId=302727955
간호 알고리즘 PRO-A7. 신경외과,간호사연구소,https://www.aladin.co.kr/shop/wproduct.aspx?ItemId=354786459
NO라고 말하는 간호사,나카니시 무츠코,https://www.aladin.co.kr/shop/wproduct.aspx?ItemId=115159918
간호사라서 다행이야 (리커버 개정판),김리연,https://www.aladin.co.kr/shop/wproduct.aspx?ItemId=252609530
"간호사, 세상 밖으로",서울특별시간호사회,https://www.aladin.co.kr/shop/wproduct.aspx?ItemId=279681064
선넘은 간호사 : 호주간호사로 선넘다,강은진,https://www.aladin.co.kr/shop/wproduct.aspx?ItemId=353408253
못말리는 간호사,사사키 노리코,https://www.aladin.co.kr/shop/wproduct.aspx?ItemId=49760113
"간호사, 대학원 완성하기",최영림,https://www.aladin.co.kr/shop/wproduct.aspx?ItemId=295416364
간호사를 위한 약물 계산법,Jim Keogh,https://www.aladin.co.kr/shop/wproduct.aspx?ItemId=206706811
간호사 & 레크리에이션 전문가,와이즈멘토,https://www.aladin.co.kr/shop/wproduct.aspx?ItemId=30590286
나는 정형외과 간호사다,淸水 健太郞,https://www.aladin.co.kr/shop/wproduct.aspx?ItemId=104931224
간호사 우즈키에게 보이는 것,아키야 린코,https://www.aladin.co.kr/shop/wproduct.aspx?ItemId=361723157
선넘은 간호사 : 해외간호사로 선넘다,신슬예,https://www.aladin.co.kr/shop/wproduct.aspx?ItemId=354577185
독립운동가 간호사 74인,강영심,https://www.aladin.co.kr/shop/wproduct.aspx?ItemId=277096236
간호사 자소서 공략집,김보준,https://www.aladin.co.kr/shop/wproduct.aspx?ItemId=311986730
간호사 취업 공략집 - 전2권,김보준,https://www.aladin.co.kr/shop/wproduct.aspx?ItemId=310126293
신규 간호사 노가리,RN. 노가리,https://www.aladin.co.kr/shop/wproduct.aspx?ItemId=335838717
간호사 가이던스,한동수,https://www.aladin.co.kr/shop/wproduct.aspx?ItemId=260223258
응급실 간호사의 30일,김효진,https://www.aladin.co.kr/shop/wproduct.aspx?ItemId=251693578
체크인 미국 간호사,허혜리,https://www.aladin.co.kr/shop/wproduct.aspx?ItemId=332752299
간호 알고리즘 PRO-A6. 일반외과/정형외과,간호사연구소,https://www.aladin.co.kr/shop/wproduct.aspx?ItemId=354787548
우리는 병원 밖에서 일하는 간호사입니다,강은주,https://www.aladin.co.kr/shop/wproduct.aspx?ItemId=385815175
한국간호사 병원 취업노트,정선화,https://www.aladin.co.kr/shop/wproduct.aspx?ItemId=13794576
미국 부자 간호사 가난한 간호사,이지원,https://www.aladin.co.kr/shop/wproduct.aspx?ItemId=336601446
"간호사, 행복한 프리셉터되기",삼성서울병원 간호본부,https://www.aladin.co.kr/shop/wproduct.aspx?ItemId=249461464
신규 간호사 안내서,저자 정보 없음,https://www.aladin.co.kr/shop/wproduct.aspx?ItemId=130907161
워킹 간호사,김진선,https://www.aladin.co.kr/shop/wproduct.aspx?ItemId=243772219
간호사가 되기로 했다,김진수,https://www.aladin.co.kr/shop/wproduct.aspx?ItemId=365920929
"간호사, 세계를 품다",엄영란,https://www.aladin.co.kr/shop/wproduct.aspx?ItemId=193076046
간호사 부서 탐방,강민애,https://www.aladin.co.kr/shop/wproduct.aspx?ItemId=324009126
간호사 부서 탐방,강민애,https://www.aladin.co.kr/shop/wproduct.aspx?ItemId=324009126
리얼프셉 정형외과(OS)편,최지은,https://www.aladin.co.kr/shop/wproduct.aspx?ItemId=398193868
"간호사, 내 길인 줄 모르고 11년",김애림,https://www.aladin.co.kr/shop/wproduct.aspx?ItemId=357283210
꿈을 간호하는 간호사,조원경,https://www.aladin.co.kr/shop/wproduct.aspx?ItemId=194406105
간호사를 위한 임상약리학,Susan M. Ford,https://www.aladin.co.kr/shop/wproduct.aspx?ItemId=202041759
"간호사, 다시 나를 돌보는 시간",김옥수,https://www.aladin.co.kr/shop/wproduct.aspx?ItemId=366607332
나는야 행복한 코알라 간호사,자유별,https://www.aladin.co.kr/shop/wproduct.aspx?ItemId=370877582
2026 백신 간호사 국시대비 문제집 7 기본간호학,북샘터 학술 편찬국,https://www.aladin.co.kr/shop/wproduct.aspx?ItemId=388139282
간호사 취업 비법,송세실,https://www.aladin.co.kr/shop/wproduct.aspx?ItemId=126024346
2026 백신 간호사 국시대비 문제집 1 성인간호학,북샘터 학술 편찬국,https://www.aladin.co.kr/shop/wproduct.aspx?ItemId=388138179
선넘은 간호사 : 보건교사로 선넘다,정지윤,https://www.aladin.co.kr/shop/wproduct.aspx?ItemId=354334862
빌런 간호사,박세인,https://www.aladin.co.kr/shop/wproduct.aspx?ItemId=337488784
죽음과 죽어감,엘리자베스 퀴블러 로스,https://www.aladin.co.kr/shop/wproduct.aspx?ItemId=132109594
Bate's 간호사를 위한 건강사정,Beth Hogan-Quigley,https://www.aladin.co.kr/shop/wproduct.aspx?ItemId=323749954
미국 간호사로 살아남기,고세라,https://www.aladin.co.kr/shop/wproduct.aspx?ItemId=367638706
2023 간호사 국가고시 한권으로 끝내기,정민영,https://www.aladin.co.kr/shop/wproduct.aspx?ItemId=297692466
"안녕, 간호사",류민지,https://www.aladin.co.kr/shop/wproduct.aspx?ItemId=268174445
마음 간호사,이한나,https://www.aladin.co.kr/shop/wproduct.aspx?ItemId=372489028
낭만 간호사,송상아,https://www.aladin.co.kr/shop/wproduct.aspx?ItemId=298820450
마취·회복실 임상노트,강리안,https://www.aladin.co.kr/shop/wproduct.aspx?ItemId=327530816
체크인 캐나다 간호사,임혜정,https://www.aladin.co.kr/shop/wproduct.aspx?ItemId=328877538
비밀조교 간호사,김소영,https://www.aladin.co.kr/shop/wproduct.aspx?ItemId=189042578
간호사 1인분만 할게요,이승희,https://www.aladin.co.kr/shop/wproduct.aspx?ItemId=311921933
감정을 돌보는 간호사,손지완,https://www.aladin.co.kr/shop/wproduct.aspx?ItemId=305082961
간호사 프로를 위한 기본 간호 기술,이노우에 도모코,https://www.aladin.co.kr/shop/wproduct.aspx?ItemId=40470557
[세트] 정 간호사는 왜 벌릴까 (총2권/미완결),씨받을꽃들,https://www.aladin.co.kr/shop/wproduct.aspx?ItemId=361760140
혈액원 간호사를 간직하다,이윤지,https://www.aladin.co.kr/shop/wproduct.aspx?ItemId=262590726
2023 간호사 국가고시 성인간호학 2,노연경,https://www.aladin.co.kr/shop/wproduct.aspx?ItemId=296254403
2026 백신 간호사 국시대비 문제집 6 간호관리학,북샘터 학술 편찬국,https://www.aladin.co.kr/shop/wproduct.aspx?ItemId=388138078
2026 백신 간호사 국시대비 문제집 5 정신간호학,북샘터 학술 편찬국,https://www.aladin.co.kr/shop/wproduct.aspx?ItemId=388137996
"간호사, 그들이 사는 세상",차지영,https://www.aladin.co.kr/shop/wproduct.aspx?ItemId=301848288
간호 알고리즘 PRO-A3. 혈액종양내과,간호사연구소,https://www.aladin.co.kr/shop/wproduct.aspx?ItemId=354787018
사막을 달리는 간호사,저자 정보 없음,https://www.aladin.co.kr/shop/wproduct.aspx?ItemId=194361654
간호 알고리즘 PRO-A4. 소화기내과/간담췌내과,간호사연구소,https://www.aladin.co.kr/shop/wproduct.aspx?ItemId=354787176
정신간호학 : 간호사 국가고시 AI 요약집,AI,https://www.aladin.co.kr/shop/wproduct.aspx?ItemId=356424100
간호사 재발견,박미나,https://www.aladin.co.kr/shop/wproduct.aspx?ItemId=217732339
보건의약관계법규 : 간호사 국가고시 AI 요약집,AI,https://www.aladin.co.kr/shop/wproduct.aspx?ItemId=356259689
병원적응 의학용어,간호사적응연구소,https://www.aladin.co.kr/shop/wproduct.aspx?ItemId=395191093
2023 간호사 국가고시 기본간호학,노연경,https://www.aladin.co.kr/shop/wproduct.aspx?ItemId=296254460
프셉마음 : 응급실편,곽수진,https://www.aladin.co.kr/shop/wproduct.aspx?ItemId=392467064
[시크릿] 흐트러진 G컵 간호사,yuuto,https://www.aladin.co.kr/shop/wproduct.aspx?ItemId=70322646
우리는 미국 전문간호사입니다,김은영,https://www.aladin.co.kr/shop/wproduct.aspx?ItemId=216863113
아부다비로 간 간호사,최영란,https://www.aladin.co.kr/shop/wproduct.aspx?ItemId=359341936
간호 알고리즘 PRO-A2. 심장내과,간호사연구소,https://www.aladin.co.kr/shop/wproduct.aspx?ItemId=354791607
아이씨유 간호사,유세웅,https://www.aladin.co.kr/shop/wproduct.aspx?ItemId=256596441
2023 채용대비 삼성병원 간호사 통합 GSAT 직무적성검사 최신기출유형 + 모의고사 5회 + 무료삼성특강,SD적성검사연구소,https://www.aladin.co.kr/shop/wproduct.aspx?ItemId=309880600
우리는 원래 간호사가 아닌 마녀였다,바버라 에런라이크,https://www.aladin.co.kr/shop/wproduct.aspx?ItemId=309556284
나는 아직 사직하지 않았다,양은미,https://www.aladin.co.kr/shop/wproduct.aspx?ItemId=397263221
널스원큐 : 간호사를 위한 석사 논문편,남소희,https://www.aladin.co.kr/shop/wproduct.aspx?ItemId=252185055
미국간호사 밥줄영어 vol.1,백소연(미셸),https://www.aladin.co.kr/shop/wproduct.aspx?ItemId=338812724
간호사 취업 비법,송세실,https://www.aladin.co.kr/shop/wproduct.aspx?ItemId=126275505
"간호사, 바라던 바~다",권수민,https://www.aladin.co.kr/shop/wproduct.aspx?ItemId=279839986
2023 간호사 국가고시 아동간호학,노연경,https://www.aladin.co.kr/shop/wproduct.aspx?ItemId=296254169
2026 김헌경 알약 지역사회간호 필기노트,김헌경,https://www.aladin.co.kr/shop/wproduct.aspx?ItemId=381374777
내가 정신과 간호사가 된 이유,미즈타니 미도리,https://www.aladin.co.kr/shop/wproduct.aspx?ItemId=185673988
수술실 신규 간호사 성장 설명서,고유미,https://www.aladin.co.kr/shop/wproduct.aspx?ItemId=390583255
간호사 합격 세트 - 전2권,정경아,https://www.aladin.co.kr/shop/wproduct.aspx?ItemId=269664032
전문간호사와 함께하는 임상추론 2,한국전문간호사협회,https://www.aladin.co.kr/shop/wproduct.aspx?ItemId=368678018
프셉마음 : 혈액암 환자 간호편,박민경,https://www.aladin.co.kr/shop/wproduct.aspx?ItemId=393823319
간호사답게 생각하기,황지원,https://www.aladin.co.kr/shop/wproduct.aspx?ItemId=387596561
2021 Care 간호사 국가고시 합격노트,김미경,https://www.aladin.co.kr/shop/wproduct.aspx?ItemId=274638105
청춘 간호사의 세계 병원 여행,김진수,https://www.aladin.co.kr/shop/wproduct.aspx?ItemId=271097168
2025 한 권으로 끝내는 10YEAR KNLE 간호사 국가시험 최다빈출 적중문제 세트 - 전3권,예당모의고사 출제위원회,https://www.aladin.co.kr/shop/wproduct.aspx?ItemId=367665172
2023 간호사 국가고시 성인간호학 1,노연경,https://www.aladin.co.kr/shop/wproduct.aspx?ItemId=296254288
나는 간호사입니다,천정은,https://www.aladin.co.kr/shop/wproduct.aspx?ItemId=340342714
간호사의 그림자 노동,다비나 앨런,https://www.aladin.co.kr/shop/wproduct.aspx?ItemId=371365233
메이드 인 간호사,강경자,https://www.aladin.co.kr/shop/wproduct.aspx?ItemId=319793641
나도 간호사가 되어 볼까?,정인희,https://www.aladin.co.kr/shop/wproduct.aspx?ItemId=345725003
간호 알고리즘 PRO-A5. 신장내과,간호사연구소,https://www.aladin.co.kr/shop/wproduct.aspx?ItemId=354787327
레지던트와 간호사를 위한 심장수술 환자관리,박국양,https://www.aladin.co.kr/shop/wproduct.aspx?ItemId=163368125
"배우는 간호사, 가르치는 간호사",Losiomo,https://www.aladin.co.kr/shop/wproduct.aspx?ItemId=381593670
2022 간호사 국가시험 대비 파이널 종합모의고사,심정은,https://www.aladin.co.kr/shop/wproduct.aspx?ItemId=278592216
바퀴달린 간호사,안소영,https://www.aladin.co.kr/shop/wproduct.aspx?ItemId=346127042
2026 백신 간호사 국시대비 문제집 3 아동간호학,북샘터 학술 편찬국,https://www.aladin.co.kr/shop/wproduct.aspx?ItemId=388138594
간호사를 위한 기본약리학,Michelle Willihnganz,https://www.aladin.co.kr/shop/wproduct.aspx?ItemId=359379182
